{
  "output_dir_actual": "pipeline_outputs\\experiment_20250629_152411",
  "output_base_dir": "pipeline_outputs",
  "cases_file_path": "C:\\Users\\guill\\OneDrive\\Documentos\\MDPI_STATS\\EXPERIMENT3\\OUTCOME18937.xlsx",
  "judges_file_path": "C:\\Users\\guill\\OneDrive\\Documentos\\MDPI_STATS\\EXPERIMENT2\\JUDGES_pseudo.xlsx",
  "merge_config": {
    "cases_link_col": "source_filename",
    "judges_link_col": "source_file",
    "how": "left"
  },
  "merged_data_path": "pipeline_outputs\\experiment_20250629_152411\\01_merged_data_interactive_setup.xlsx",
  "judge_id_col_final_bucketing": "judge1",
  "target_col": "child_immediately_after_appeal_child_living_arrangement",
  "feature_cols": [
    "father_parental_fitness",
    "mother_parental_fitness",
    "father_has_history_of_abuse_against_child",
    "mother_has_history_of_abuse_against_child",
    "father_has_history_of_abuse_against_mother",
    "mother_has_history_of_abuse_against_father",
    "father_has_history_of_neglect",
    "mother_has_history_of_neglect",
    "father_has_psych_issues",
    "mother_has_psych_issues",
    "father_has_addiction_issues",
    "mother_has_addiction_issues",
    "father_is_invested_with_child",
    "mother_is_invested_with_child",
    "father_employment_status",
    "mother_employment_status",
    "father_work_availability",
    "mother_work_availability",
    "father_housing_status",
    "mother_housing_status",
    "Parent Proximity",
    "father_lives_near_school",
    "mother_lives_near_school",
    "father_receives_social_aid",
    "mother_receives_social_aid",
    "mother_benefited_legal_aid",
    "father_benefited_legal_aid"
  ],
  "numerical_features": [],
  "categorical_features": [
    "father_parental_fitness",
    "mother_parental_fitness",
    "father_has_history_of_abuse_against_child",
    "mother_has_history_of_abuse_against_child",
    "father_has_history_of_abuse_against_mother",
    "mother_has_history_of_abuse_against_father",
    "father_has_history_of_neglect",
    "mother_has_history_of_neglect",
    "father_has_psych_issues",
    "mother_has_psych_issues",
    "father_has_addiction_issues",
    "mother_has_addiction_issues",
    "father_is_invested_with_child",
    "mother_is_invested_with_child",
    "father_employment_status",
    "mother_employment_status",
    "father_work_availability",
    "mother_work_availability",
    "father_housing_status",
    "mother_housing_status",
    "Parent Proximity",
    "father_lives_near_school",
    "mother_lives_near_school",
    "father_receives_social_aid",
    "mother_receives_social_aid",
    "mother_benefited_legal_aid",
    "father_benefited_legal_aid"
  ],
  "target_mapping_raw_to_numeric": {
    "mother": 0,
    "father": 1,
    "shared": 2
  },
  "use_judge_bucketing": true,
  "min_samples_per_judge_bucket": 300,
  "balancing_method": "sampling",
  "sampling_target_percentages": {
    "0": 34.0,
    "1": 33.0,
    "2": 33.0
  },
  "models_to_run": [
    "RandomForest",
    "XGB"
  ],
  "cv_folds": 5,
  "cv_random_state": 42,
  "hyperparameter_tuning_iterations": 192,
  "hyperparameter_grids": {
    "RandomForest": {
      "n_estimators": [
        100,
        150,
        250,
        300
      ],
      "max_depth": [
        7
      ],
      "min_samples_split": [
        2,
        3,
        4,
        5
      ],
      "min_samples_leaf": [
        2,
        3,
        4
      ],
      "max_features": [
        "sqrt",
        "log2"
      ],
      "bootstrap": [
        true
      ]
    },
    "LogisticRegression": {
      "penalty": [
        "l1",
        "l2",
        "elasticnet",
        "none"
      ],
      "C": [
        0.001,
        0.01,
        0.1,
        1,
        10,
        100
      ],
      "solver": [
        "liblinear",
        "saga"
      ],
      "l1_ratio": [
        null,
        0.25,
        0.5,
        0.75
      ],
      "max_iter": [
        100,
        200,
        400,
        600
      ]
    },
    "SVC": {
      "C": [
        0.01,
        0.1,
        1,
        10,
        100
      ],
      "kernel": [
        "linear",
        "rbf",
        "poly",
        "sigmoid"
      ],
      "gamma": [
        "scale",
        "auto"
      ],
      "degree": [
        2,
        3,
        4
      ],
      "coef0": [
        0.05,
        0.1,
        0.5
      ],
      "class_weight": [
        null,
        "balanced"
      ]
    },
    "XGB": {
      "n_estimators": [
        100,
        150,
        250
      ],
      "max_depth": [
        7
      ],
      "learning_rate": [
        0.01,
        0.05,
        0.1,
        0.2
      ],
      "subsample": [
        0.5,
        0.8
      ],
      "colsample_bytree": [
        0.5,
        0.8
      ],
      "gamma": [
        0.85,
        1.0
      ],
      "min_child_weight": [
        5,
        10
      ],
      "reg_lambda": [
        1.5
      ]
    }
  },
  "hyperparameter_grids_loaded_from": true
}